﻿<?xml version="1.0" encoding="UTF-8"?>
<!DOCTYPE MgmtTree PUBLIC " -//OMA//DTD-DM-DDF 1.2//EN"
  "http://www.openmobilealliance.org/tech/DTD/DM_DDF-V1_2.dtd"
  [<?oma-dm-ddf-ver supported-versions="1.2"?>]>
<MgmtTree xmlns:MSFT="http://schemas.microsoft.com/MobileDevice/DM">
  <VerDTD>1.2</VerDTD>
      <Node>
        <NodeName>DeviceStatus</NodeName>
        <Path>./Vendor/MSFT</Path>
        <DFProperties>
          <AccessType>
            <Get />
          </AccessType>
          <DFFormat>
            <node />
          </DFFormat>
          <Occurrence>
            <One />
          </Occurrence>
          <Scope>
            <Permanent />
          </Scope>
          <DFType>
            <MIME>com.microsoft/1.5/MDM/DeviceStatus</MIME>
          </DFType>
        </DFProperties>
        <Node>
          <NodeName>SecureBootState</NodeName>
          <DFProperties>
            <AccessType>
              <Get />
            </AccessType>
            <DFFormat>
              <int />
            </DFFormat>
            <Occurrence>
              <One />
            </Occurrence>
            <Scope>
              <Permanent />
            </Scope>
            <DFType>
              <MIME>text/plain</MIME>
            </DFType>
          </DFProperties>
        </Node>
        <Node>
          <NodeName>CellularIdentities</NodeName>
          <DFProperties>
            <AccessType>
              <Get />
            </AccessType>
            <DFFormat>
              <node />
            </DFFormat>
            <Occurrence>
              <One />
            </Occurrence>
            <Scope>
              <Permanent />
            </Scope>
            <DFType>
              <DDFName></DDFName>
            </DFType>
          </DFProperties>
          <Node>
            <NodeName></NodeName>
            <DFProperties>
              <AccessType>
                <Get />
              </AccessType>
              <DFFormat>
                <node />
              </DFFormat>
              <Occurrence>
                <ZeroOrMore />
              </Occurrence>
              <Scope>
                <Dynamic />
              </Scope>
              <DFTitle>IMEI</DFTitle>
              <DFType>
                <DDFName></DDFName>
              </DFType>
            </DFProperties>
            <Node>
              <NodeName>IMSI</NodeName>
              <DFProperties>
                <AccessType>
                  <Get />
                </AccessType>
                <DFFormat>
                  <chr />
                </DFFormat>
                <Occurrence>
                  <One />
                </Occurrence>
                <Scope>
                  <Dynamic />
                </Scope>
                <DFType>
                  <MIME>text/plain</MIME>
                </DFType>
              </DFProperties>
            </Node>
            <Node>
              <NodeName>ICCID</NodeName>
              <DFProperties>
                <AccessType>
                  <Get />
                </AccessType>
                <DFFormat>
                  <chr />
                </DFFormat>
                <Occurrence>
                  <One />
                </Occurrence>
                <Scope>
                  <Dynamic />
                </Scope>
                <DFType>
                  <MIME>text/plain</MIME>
                </DFType>
              </DFProperties>
            </Node>
            <Node>
              <NodeName>PhoneNumber</NodeName>
              <DFProperties>
                <AccessType>
                  <Get />
                </AccessType>
                <DFFormat>
                  <chr />
                </DFFormat>
                <Occurrence>
                  <One />
                </Occurrence>
                <Scope>
                  <Dynamic />
                </Scope>
                <DFType>
                  <MIME>text/plain</MIME>
                </DFType>
              </DFProperties>
            </Node>
            <Node>
              <NodeName>CommercializationOperator</NodeName>
              <DFProperties>
                <AccessType>
                  <Get />
                </AccessType>
                <DFFormat>
                  <chr />
                </DFFormat>
                <Occurrence>
                  <One />
                </Occurrence>
                <Scope>
                  <Dynamic />
                </Scope>
                <DFType>
                  <MIME>text/plain</MIME>
                </DFType>
              </DFProperties>
            </Node>
            <Node>
              <NodeName>RoamingStatus</NodeName>
              <DFProperties>
                <AccessType>
                  <Get />
                </AccessType>
                <DFFormat>
                  <bool />
                </DFFormat>
                <Occurrence>
                  <One />
                </Occurrence>
                <Scope>
                  <Dynamic />
                </Scope>
                <DFType>
                  <MIME>text/plain</MIME>
                </DFType>
              </DFProperties>
            </Node>
            <Node>
              <NodeName>RoamingCompliance</NodeName>
              <DFProperties>
                <AccessType>
                  <Get />
                </AccessType>
                <DFFormat>
                  <bool />
                </DFFormat>
                <Occurrence>
                  <One />
                </Occurrence>
                <Scope>
                  <Dynamic />
                </Scope>
                <DFType>
                  <MIME>text/plain</MIME>
                </DFType>
              </DFProperties>
            </Node>
          </Node>
        </Node>
        <Node>
          <NodeName>NetworkIdentifiers</NodeName>
          <DFProperties>
            <AccessType>
              <Get />
            </AccessType>
            <DFFormat>
              <node />
            </DFFormat>
            <Occurrence>
              <One />
            </Occurrence>
            <Scope>
              <Permanent />
            </Scope>
            <DFType>
              <DDFName></DDFName>
            </DFType>
          </DFProperties>
          <Node>
            <NodeName></NodeName>
            <DFProperties>
              <AccessType>
                <Get />
              </AccessType>
              <DFFormat>
                <node />
              </DFFormat>
              <Occurrence>
                <ZeroOrMore />
              </Occurrence>
              <Scope>
                <Dynamic />
              </Scope>
              <DFTitle>MacAddress</DFTitle>
              <DFType>
                <DDFName></DDFName>
              </DFType>
            </DFProperties>
            <Node>
              <NodeName>IPAddressV4</NodeName>
              <DFProperties>
                <AccessType>
                  <Get />
                </AccessType>
                <DFFormat>
                  <chr />
                </DFFormat>
                <Occurrence>
                  <One />
                </Occurrence>
                <Scope>
                  <Dynamic />
                </Scope>
                <DFType>
                  <MIME>text/plain</MIME>
                </DFType>
              </DFProperties>
            </Node>
            <Node>
              <NodeName>IPAddressV6</NodeName>
              <DFProperties>
                <AccessType>
                  <Get />
                </AccessType>
                <DFFormat>
                  <chr />
                </DFFormat>
                <Occurrence>
                  <One />
                </Occurrence>
                <Scope>
                  <Dynamic />
                </Scope>
                <DFType>
                  <MIME>text/plain</MIME>
                </DFType>
              </DFProperties>
            </Node>
            <Node>
              <NodeName>IsConnected</NodeName>
              <DFProperties>
                <AccessType>
                  <Get />
                </AccessType>
                <DFFormat>
                  <bool />
                </DFFormat>
                <Occurrence>
                  <One />
                </Occurrence>
                <Scope>
                  <Dynamic />
                </Scope>
                <DFType>
                  <MIME>text/plain</MIME>
                </DFType>
              </DFProperties>
            </Node>
            <Node>
              <NodeName>Type</NodeName>
              <DFProperties>
                <AccessType>
                  <Get />
                </AccessType>
                <DFFormat>
                  <int />
                </DFFormat>
                <Occurrence>
                  <One />
                </Occurrence>
                <Scope>
                  <Dynamic />
                </Scope>
                <DFType>
                  <MIME>text/plain</MIME>
                </DFType>
              </DFProperties>
            </Node>
          </Node>
        </Node>
        <Node>
          <NodeName>Compliance</NodeName>
          <DFProperties>
            <AccessType>
              <Get />
            </AccessType>
            <DFFormat>
              <node />
            </DFFormat>
            <Occurrence>
              <One />
            </Occurrence>
            <Scope>
              <Permanent />
            </Scope>
            <DFType>
              <DDFName></DDFName>
            </DFType>
          </DFProperties>
          <Node>
            <NodeName>EncryptionCompliance</NodeName>
            <DFProperties>
              <AccessType>
                <Get />
              </AccessType>
              <DFFormat>
                <bool />
              </DFFormat>
              <Occurrence>
                <One />
              </Occurrence>
              <Scope>
                <Permanent />
              </Scope>
              <DFType>
                <MIME>text/plain</MIME>
              </DFType>
            </DFProperties>
          </Node>
        </Node>
        <Node>
          <NodeName>TPM</NodeName>
          <DFProperties>
            <AccessType>
              <Get />
            </AccessType>
            <DFFormat>
              <node />
            </DFFormat>
            <Occurrence>
              <One />
            </Occurrence>
            <Scope>
              <Permanent />
            </Scope>
            <DFType>
              <DDFName></DDFName>
            </DFType>
          </DFProperties>
          <Node>
            <NodeName>SpecificationVersion</NodeName>
            <DFProperties>
              <AccessType>
                <Get />
              </AccessType>
              <DefaultValue>Not available</DefaultValue>
              <DFFormat>
                <chr />
              </DFFormat>
              <Occurrence>
                <ZeroOrOne />
              </Occurrence>
              <Scope>
                <Permanent />
              </Scope>
              <DFType>
                <MIME>text/plain</MIME>
              </DFType>
            </DFProperties>
          </Node>
        </Node>
        <Node>
          <NodeName>OS</NodeName>
          <DFProperties>
            <AccessType>
              <Get />
            </AccessType>
            <DFFormat>
              <node />
            </DFFormat>
            <Occurrence>
              <One />
            </Occurrence>
            <Scope>
              <Permanent />
            </Scope>
            <DFType>
              <DDFName></DDFName>
            </DFType>
          </DFProperties>
          <Node>
            <NodeName>Edition</NodeName>
            <DFProperties>
              <AccessType>
                <Get />
              </AccessType>
              <DefaultValue>Not available</DefaultValue>
              <DFFormat>
                <chr />
              </DFFormat>
              <Occurrence>
                <One />
              </Occurrence>
              <Scope>
                <Permanent />
              </Scope>
              <DFType>
                <MIME>text/plain</MIME>
              </DFType>
            </DFProperties>
          </Node>
          <Node>
            <NodeName>Mode</NodeName>
            <DFProperties>
              <AccessType>
                <Get />
              </AccessType>
              <DefaultValue>Not available</DefaultValue>
              <DFFormat>
                <chr />
              </DFFormat>
              <Occurrence>
                <One />
              </Occurrence>
              <Scope>
                <Permanent />
              </Scope>
              <DFType>
                <MIME>text/plain</MIME>
              </DFType>
            </DFProperties>
          </Node>
        </Node>
        <Node>
          <NodeName>Antivirus</NodeName>
          <DFProperties>
            <AccessType>
              <Get />
            </AccessType>
            <DFFormat>
              <node />
            </DFFormat>
            <Occurrence>
              <One />
            </Occurrence>
            <Scope>
              <Permanent />
            </Scope>
            <DFType>
              <DDFName></DDFName>
            </DFType>
          </DFProperties>
          <Node>
            <NodeName>SignatureStatus</NodeName>
            <DFProperties>
              <AccessType>
                <Get />
              </AccessType>
              <DefaultValue>1</DefaultValue>
              <DFFormat>
                <int />
              </DFFormat>
              <Occurrence>
                <ZeroOrOne />
              </Occurrence>
              <Scope>
                <Permanent />
              </Scope>
              <DFType>
                <MIME>text/plain</MIME>
              </DFType>
            </DFProperties>
          </Node>
          <Node>
            <NodeName>Status</NodeName>
            <DFProperties>
              <AccessType>
                <Get />
              </AccessType>
              <DefaultValue>3</DefaultValue>
              <DFFormat>
                <int />
              </DFFormat>
              <Occurrence>
                <ZeroOrOne />
              </Occurrence>
              <Scope>
                <Permanent />
              </Scope>
              <DFType>
                <MIME>text/plain</MIME>
              </DFType>
            </DFProperties>
          </Node>
        </Node>
        <Node>
          <NodeName>Antispyware</NodeName>
          <DFProperties>
            <AccessType>
              <Get />
            </AccessType>
            <DFFormat>
              <node />
            </DFFormat>
            <Occurrence>
              <One />
            </Occurrence>
            <Scope>
              <Permanent />
            </Scope>
            <DFType>
              <DDFName></DDFName>
            </DFType>
          </DFProperties>
          <Node>
            <NodeName>SignatureStatus</NodeName>
            <DFProperties>
              <AccessType>
                <Get />
              </AccessType>
              <DefaultValue>1</DefaultValue>
              <DFFormat>
                <int />
              </DFFormat>
              <Occurrence>
                <ZeroOrOne />
              </Occurrence>
              <Scope>
                <Permanent />
              </Scope>
              <DFType>
                <MIME>text/plain</MIME>
              </DFType>
            </DFProperties>
          </Node>
          <Node>
            <NodeName>Status</NodeName>
            <DFProperties>
              <AccessType>
                <Get />
              </AccessType>
              <DefaultValue>3</DefaultValue>
              <DFFormat>
                <int />
              </DFFormat>
              <Occurrence>
                <ZeroOrOne />
              </Occurrence>
              <Scope>
                <Permanent />
              </Scope>
              <DFType>
                <MIME>text/plain</MIME>
              </DFType>
            </DFProperties>
          </Node>
        </Node>
        <Node>
          <NodeName>Firewall</NodeName>
          <DFProperties>
            <AccessType>
              <Get />
            </AccessType>
            <DFFormat>
              <node />
            </DFFormat>
            <Occurrence>
              <One />
            </Occurrence>
            <Scope>
              <Permanent />
            </Scope>
            <DFType>
              <DDFName></DDFName>
            </DFType>
          </DFProperties>
          <Node>
            <NodeName>Status</NodeName>
            <DFProperties>
              <AccessType>
                <Get />
              </AccessType>
              <DefaultValue>3</DefaultValue>
              <DFFormat>
                <int />
              </DFFormat>
              <Occurrence>
                <ZeroOrOne />
              </Occurrence>
              <Scope>
                <Permanent />
              </Scope>
              <DFType>
                <MIME>text/plain</MIME>
              </DFType>
            </DFProperties>
          </Node>
        </Node>
        <Node>
          <NodeName>UAC</NodeName>
          <DFProperties>
            <AccessType>
              <Get />
            </AccessType>
            <DFFormat>
              <node />
            </DFFormat>
            <Occurrence>
              <One />
            </Occurrence>
            <Scope>
              <Permanent />
            </Scope>
            <DFType>
              <DDFName></DDFName>
            </DFType>
          </DFProperties>
          <Node>
            <NodeName>Status</NodeName>
            <DFProperties>
              <AccessType>
                <Get />
              </AccessType>
              <DFFormat>
                <int />
              </DFFormat>
              <Occurrence>
                <ZeroOrOne />
              </Occurrence>
              <Scope>
                <Permanent />
              </Scope>
              <DFType>
                <MIME>text/plain</MIME>
              </DFType>
            </DFProperties>
          </Node>
        </Node>
        <Node>
          <NodeName>Battery</NodeName>
          <DFProperties>
            <AccessType>
              <Get />
            </AccessType>
            <DFFormat>
              <node />
            </DFFormat>
            <Occurrence>
              <One />
            </Occurrence>
            <Scope>
              <Permanent />
            </Scope>
            <DFType>
              <DDFName></DDFName>
            </DFType>
          </DFProperties>
          <Node>
            <NodeName>Status</NodeName>
            <DFProperties>
              <AccessType>
                <Get />
              </AccessType>
              <DefaultValue>0</DefaultValue>
              <DFFormat>
                <int />
              </DFFormat>
              <Occurrence>
                <One />
              </Occurrence>
              <Scope>
                <Permanent />
              </Scope>
              <DFType>
                <MIME>text/plain</MIME>
              </DFType>
            </DFProperties>
          </Node>
          <Node>
            <NodeName>EstimatedChargeRemaining</NodeName>
            <DFProperties>
              <AccessType>
                <Get />
              </AccessType>
              <DefaultValue>0</DefaultValue>
              <DFFormat>
                <int />
              </DFFormat>
              <Occurrence>
                <One />
              </Occurrence>
              <Scope>
                <Permanent />
              </Scope>
              <DFType>
                <MIME>text/plain</MIME>
              </DFType>
            </DFProperties>
          </Node>
          <Node>
            <NodeName>EstimatedRuntime</NodeName>
            <DFProperties>
              <AccessType>
                <Get />
              </AccessType>
              <DefaultValue>0</DefaultValue>
              <DFFormat>
                <int />
              </DFFormat>
              <Occurrence>
                <One />
              </Occurrence>
              <Scope>
                <Permanent />
              </Scope>
              <DFType>
                <MIME>text/plain</MIME>
              </DFType>
            </DFProperties>
          </Node>
        </Node>
        <Node>
          <NodeName>DomainName</NodeName>
          <DFProperties>
            <AccessType>
              <Get />
            </AccessType>
            <Description>Returns the fully qualified domain name of the device(if any).</Description>
            <DFFormat>
              <chr />
            </DFFormat>
            <Occurrence>
              <One />
            </Occurrence>
            <Scope>
              <Permanent />
            </Scope>
            <DFTitle>DomainName</DFTitle>
            <DFType>
              <MIME>text/plain</MIME>
            </DFType>
          </DFProperties>
        </Node>
        <Node>
          <NodeName>DeviceGuard</NodeName>
          <DFProperties>
            <AccessType>
              <Get />
            </AccessType>
            <DFFormat>
              <node />
            </DFFormat>
            <Occurrence>
              <One />
            </Occurrence>
            <Scope>
              <Permanent />
            </Scope>
            <DFType>
              <DDFName></DDFName>
            </DFType>
          </DFProperties>
          <Node>
            <NodeName>VirtualizationBasedSecurityHwReq</NodeName>
            <DFProperties>
              <AccessType>
                <Get />
              </AccessType>
              <DFFormat>
                <int />
              </DFFormat>
              <Occurrence>
                <One />
              </Occurrence>
              <Scope>
                <Permanent />
              </Scope>
              <DFType>
                <MIME>text/plain</MIME>
              </DFType>
            </DFProperties>
          </Node>
          <Node>
            <NodeName>VirtualizationBasedSecurityStatus</NodeName>
            <DFProperties>
              <AccessType>
                <Get />
              </AccessType>
              <DFFormat>
                <int />
              </DFFormat>
              <Occurrence>
                <One />
              </Occurrence>
              <Scope>
                <Permanent />
              </Scope>
              <DFType>
                <MIME>text/plain</MIME>
              </DFType>
            </DFProperties>
          </Node>
          <Node>
            <NodeName>LsaCfgCredGuardStatus</NodeName>
            <DFProperties>
              <AccessType>
                <Get />
              </AccessType>
              <DFFormat>
                <int />
              </DFFormat>
              <Occurrence>
                <One />
              </Occurrence>
              <Scope>
                <Permanent />
              </Scope>
              <DFType>
                <MIME>text/plain</MIME>
              </DFType>
            </DFProperties>
          </Node>
        </Node>
      </Node>
</MgmtTree>
