﻿<?xml version="1.0" encoding="UTF-8"?>
<!DOCTYPE MgmtTree PUBLIC " -//OMA//DTD-DM-DDF 1.2//EN"
  "http://www.openmobilealliance.org/tech/DTD/DM_DDF-V1_2.dtd"
  [<?oma-dm-ddf-ver supported-versions="1.2"?>]>
<MgmtTree xmlns:MSFT="http://schemas.microsoft.com/MobileDevice/DM">
  <VerDTD>1.2</VerDTD>
      <Node>
        <NodeName>WindowsDefenderApplicationGuard</NodeName>
        <Path>./Device/Vendor/MSFT</Path>
        <DFProperties>
          <AccessType>
            <Get />
          </AccessType>
          <DFFormat>
            <node />
          </DFFormat>
          <Occurrence>
            <One />
          </Occurrence>
          <Scope>
            <Permanent />
          </Scope>
          <DFType>
            <MIME>com.microsoft/1.3/MDM/WindowsDefenderApplicationGuard</MIME>
          </DFType>
        </DFProperties>
        <Node>
          <NodeName>Settings</NodeName>
          <DFProperties>
            <AccessType>
              <Get />
            </AccessType>
            <DFFormat>
              <node />
            </DFFormat>
            <Occurrence>
              <One />
            </Occurrence>
            <Scope>
              <Permanent />
            </Scope>
            <DFType>
              <DDFName></DDFName>
            </DFType>
          </DFProperties>
          <Node>
            <NodeName>AllowWindowsDefenderApplicationGuard</NodeName>
            <DFProperties>
              <AccessType>
                <Add />
                <Delete />
                <Get />
                <Replace />
              </AccessType>
              <DFFormat>
                <int />
              </DFFormat>
              <Occurrence>
                <One />
              </Occurrence>
              <Scope>
                <Dynamic />
              </Scope>
              <DFType>
                <MIME>text/plain</MIME>
              </DFType>
            </DFProperties>
          </Node>
          <Node>
            <NodeName>ClipboardFileType</NodeName>
            <DFProperties>
              <AccessType>
                <Add />
                <Delete />
                <Get />
                <Replace />
              </AccessType>
              <DFFormat>
                <int />
              </DFFormat>
              <Occurrence>
                <One />
              </Occurrence>
              <Scope>
                <Dynamic />
              </Scope>
              <DFType>
                <MIME>text/plain</MIME>
              </DFType>
            </DFProperties>
          </Node>
          <Node>
            <NodeName>ClipboardSettings</NodeName>
            <DFProperties>
              <AccessType>
                <Add />
                <Delete />
                <Get />
                <Replace />
              </AccessType>
              <DFFormat>
                <int />
              </DFFormat>
              <Occurrence>
                <One />
              </Occurrence>
              <Scope>
                <Dynamic />
              </Scope>
              <DFType>
                <MIME>text/plain</MIME>
              </DFType>
            </DFProperties>
          </Node>
          <Node>
            <NodeName>PrintingSettings</NodeName>
            <DFProperties>
              <AccessType>
                <Add />
                <Delete />
                <Get />
                <Replace />
              </AccessType>
              <DFFormat>
                <int />
              </DFFormat>
              <Occurrence>
                <One />
              </Occurrence>
              <Scope>
                <Dynamic />
              </Scope>
              <DFType>
                <MIME>text/plain</MIME>
              </DFType>
            </DFProperties>
          </Node>
          <Node>
            <NodeName>BlockNonEnterpriseContent</NodeName>
            <DFProperties>
              <AccessType>
                <Add />
                <Delete />
                <Get />
                <Replace />
              </AccessType>
              <DFFormat>
                <int />
              </DFFormat>
              <Occurrence>
                <One />
              </Occurrence>
              <Scope>
                <Dynamic />
              </Scope>
              <DFType>
                <MIME>text/plain</MIME>
              </DFType>
            </DFProperties>
          </Node>
          <Node>
            <NodeName>AllowPersistence</NodeName>
            <DFProperties>
              <AccessType>
                <Get />
                <Add />
                <Delete />
                <Replace />
              </AccessType>
              <DFFormat>
                <int />
              </DFFormat>
              <Occurrence>
                <One />
              </Occurrence>
              <Scope>
                <Dynamic />
              </Scope>
              <DFType>
                <MIME>text/plain</MIME>
              </DFType>
            </DFProperties>
          </Node>
          <Node>
            <NodeName>AllowVirtualGPU</NodeName>
            <DFProperties>
              <AccessType>
                <Get />
                <Add />
                <Delete />
                <Replace />
              </AccessType>
              <DFFormat>
                <int />
              </DFFormat>
              <Occurrence>
                <One />
              </Occurrence>
              <Scope>
                <Dynamic />
              </Scope>
              <DFType>
                <MIME>text/plain</MIME>
              </DFType>
            </DFProperties>
          </Node>
          <Node>
            <NodeName>SaveFilesToHost</NodeName>
            <DFProperties>
              <AccessType>
                <Get />
                <Add />
                <Delete />
                <Replace />
              </AccessType>
              <DFFormat>
                <int />
              </DFFormat>
              <Occurrence>
                <One />
              </Occurrence>
              <Scope>
                <Dynamic />
              </Scope>
              <DFType>
                <MIME>text/plain</MIME>
              </DFType>
            </DFProperties>
          </Node>
          <Node>
            <NodeName>FileTrustCriteria</NodeName>
            <DFProperties>
              <AccessType>
                <Get />
                <Add />
                <Delete />
                <Replace />
              </AccessType>
              <DFFormat>
                <int />
              </DFFormat>
              <Occurrence>
                <One />
              </Occurrence>
              <Scope>
                <Dynamic />
              </Scope>
              <DFType>
                <MIME>text/plain</MIME>
              </DFType>
            </DFProperties>
          </Node>
          <Node>
            <NodeName>FileTrustOriginRemovableMedia</NodeName>
            <DFProperties>
              <AccessType>
                <Get />
                <Add />
                <Delete />
                <Replace />
              </AccessType>
              <DFFormat>
                <int />
              </DFFormat>
              <Occurrence>
                <One />
              </Occurrence>
              <Scope>
                <Dynamic />
              </Scope>
              <DFType>
                <MIME>text/plain</MIME>
              </DFType>
            </DFProperties>
          </Node>
          <Node>
            <NodeName>FileTrustOriginNetworkShare</NodeName>
            <DFProperties>
              <AccessType>
                <Get />
                <Add />
                <Delete />
                <Replace />
              </AccessType>
              <DFFormat>
                <int />
              </DFFormat>
              <Occurrence>
                <One />
              </Occurrence>
              <Scope>
                <Dynamic />
              </Scope>
              <DFType>
                <MIME>text/plain</MIME>
              </DFType>
            </DFProperties>
          </Node>
          <Node>
            <NodeName>FileTrustOriginMarkOfTheWeb</NodeName>
            <DFProperties>
              <AccessType>
                <Get />
                <Add />
                <Delete />
                <Replace />
              </AccessType>
              <DFFormat>
                <int />
              </DFFormat>
              <Occurrence>
                <One />
              </Occurrence>
              <Scope>
                <Dynamic />
              </Scope>
              <DFType>
                <MIME>text/plain</MIME>
              </DFType>
            </DFProperties>
          </Node>
          <Node>
            <NodeName>CertificateThumbprints</NodeName>
            <DFProperties>
              <AccessType>
                <Get />
                <Add />
                <Delete />
                <Replace />
              </AccessType>
              <DFFormat>
                <chr />
              </DFFormat>
              <Occurrence>
                <One />
              </Occurrence>
              <Scope>
                <Dynamic />
              </Scope>
              <CaseSense>
                <CIS />
              </CaseSense>
              <DFType>
                <MIME>text/plain</MIME>
              </DFType>
            </DFProperties>
          </Node>
          <Node>
            <NodeName>AllowCameraMicrophoneRedirection</NodeName>
            <DFProperties>
              <AccessType>
                <Get />
                <Add />
                <Delete />
                <Replace />
              </AccessType>
              <DFFormat>
                <int />
              </DFFormat>
              <Occurrence>
                <One />
              </Occurrence>
              <Scope>
                <Dynamic />
              </Scope>
              <DFType>
                <MIME>text/plain</MIME>
              </DFType>
            </DFProperties>
          </Node>
        </Node>
        <Node>
          <NodeName>Status</NodeName>
          <DFProperties>
            <AccessType>
              <Get />
            </AccessType>
            <DFFormat>
              <int />
            </DFFormat>
            <Occurrence>
              <One />
            </Occurrence>
            <Scope>
              <Permanent />
            </Scope>
            <DFType>
              <MIME>text/plain</MIME>
            </DFType>
          </DFProperties>
        </Node>
        <Node>
          <NodeName>InstallWindowsDefenderApplicationGuard</NodeName>
          <DFProperties>
            <AccessType>
              <Get />
              <Exec />
            </AccessType>
            <DFFormat>
              <chr />
            </DFFormat>
            <Occurrence>
              <One />
            </Occurrence>
            <Scope>
              <Permanent />
            </Scope>
            <DFType>
              <MIME>text/plain</MIME>
            </DFType>
          </DFProperties>
        </Node>
        <Node>
          <NodeName>Audit</NodeName>
          <DFProperties>
            <AccessType>
              <Get />
            </AccessType>
            <DFFormat>
              <node />
            </DFFormat>
            <Occurrence>
              <One />
            </Occurrence>
            <Scope>
              <Permanent />
            </Scope>
            <DFType>
              <DDFName></DDFName>
            </DFType>
          </DFProperties>
          <Node>
            <NodeName>AuditApplicationGuard</NodeName>
            <DFProperties>
              <AccessType>
                <Get />
                <Add />
                <Delete />
                <Replace />
              </AccessType>
              <DFFormat>
                <int />
              </DFFormat>
              <Occurrence>
                <One />
              </Occurrence>
              <Scope>
                <Dynamic />
              </Scope>
              <DFType>
                <MIME>text/plain</MIME>
              </DFType>
            </DFProperties>
          </Node>
        </Node>
      </Node>
</MgmtTree>
