﻿<?xml version="1.0" encoding="UTF-8"?>
<!DOCTYPE MgmtTree PUBLIC " -//OMA//DTD-DM-DDF 1.2//EN"
  "http://www.openmobilealliance.org/tech/DTD/DM_DDF-V1_2.dtd"
  [<?oma-dm-ddf-ver supported-versions="1.2"?>]>
<MgmtTree xmlns:MSFT="http://schemas.microsoft.com/MobileDevice/DM">
  <VerDTD>1.2</VerDTD>
      <Node>
        <NodeName>DeclaredConfiguration</NodeName>
        <Path>./User/Vendor/MSFT</Path>
        <DFProperties>
          <AccessType>
            <Get />
          </AccessType>
          <DFFormat>
            <node />
          </DFFormat>
          <Occurrence>
            <One />
          </Occurrence>
          <Scope>
            <Permanent />
          </Scope>
          <DFType>
            <MIME>com.microsoft/1.0/MDM/DeclaredConfiguration</MIME>
          </DFType>
        </DFProperties>
        <Node>
          <NodeName>Config</NodeName>
          <DFProperties>
            <AccessType>
              <Add />
              <Delete />
              <Get />
            </AccessType>
            <DFFormat>
              <node />
            </DFFormat>
            <Occurrence>
              <One />
            </Occurrence>
            <Scope>
              <Dynamic />
            </Scope>
            <DFType>
              <DDFName></DDFName>
            </DFType>
          </DFProperties>
          <Node>
            <NodeName>State</NodeName>
            <DFProperties>
              <AccessType>
                <Add />
                <Delete />
                <Get />
              </AccessType>
              <DFFormat>
                <node />
              </DFFormat>
              <Occurrence>
                <One />
              </Occurrence>
              <Scope>
                <Dynamic />
              </Scope>
              <DFType>
                <DDFName></DDFName>
              </DFType>
            </DFProperties>
            <Node>
              <NodeName></NodeName>
              <DFProperties>
                <AccessType>
                  <Get />
                  <Add />
                  <Delete />
                  <Replace />
                </AccessType>
                <Description>Manages the desired state XML docs for a client.</Description>
                <DFFormat>
                  <chr />
                </DFFormat>
                <Occurrence>
                  <ZeroOrMore />
                </Occurrence>
                <Scope>
                  <Dynamic />
                </Scope>
                <DFTitle>[doc id]</DFTitle>
                <DFType>
                  <MIME>text/plain</MIME>
                </DFType>
              </DFProperties>
            </Node>
          </Node>
          <Node>
            <NodeName>Result</NodeName>
            <DFProperties>
              <AccessType>
                <Get />
              </AccessType>
              <DFFormat>
                <node />
              </DFFormat>
              <Occurrence>
                <One />
              </Occurrence>
              <Scope>
                <Permanent />
              </Scope>
              <DFType>
                <DDFName></DDFName>
              </DFType>
            </DFProperties>
            <Node>
              <NodeName></NodeName>
              <DFProperties>
                <AccessType>
                  <Get />
                </AccessType>
                <Description>Returns the results of setting a XML documents The result will be expressed in an xml doc for extensibility.</Description>
                <DFFormat>
                  <chr />
                </DFFormat>
                <Occurrence>
                  <ZeroOrMore />
                </Occurrence>
                <Scope>
                  <Permanent />
                </Scope>
                <DFTitle>[doc id]</DFTitle>
                <DFType>
                  <MIME>text/plain</MIME>
                </DFType>
              </DFProperties>
            </Node>
          </Node>
        </Node>
      </Node>
      <Node>
        <NodeName>DeclaredConfiguration</NodeName>
        <Path>./Device/Vendor/MSFT</Path>
        <DFProperties>
          <AccessType>
            <Get />
          </AccessType>
          <DFFormat>
            <node />
          </DFFormat>
          <Occurrence>
            <One />
          </Occurrence>
          <Scope>
            <Permanent />
          </Scope>
          <DFType>
            <MIME>com.microsoft/1.0/MDM/DeclaredConfiguration</MIME>
          </DFType>
        </DFProperties>
        <Node>
          <NodeName>Config</NodeName>
          <DFProperties>
            <AccessType>
              <Add />
              <Delete />
              <Get />
            </AccessType>
            <DFFormat>
              <node />
            </DFFormat>
            <Occurrence>
              <One />
            </Occurrence>
            <Scope>
              <Dynamic />
            </Scope>
            <DFType>
              <DDFName></DDFName>
            </DFType>
          </DFProperties>
          <Node>
            <NodeName>State</NodeName>
            <DFProperties>
              <AccessType>
                <Add />
                <Delete />
                <Get />
              </AccessType>
              <DFFormat>
                <node />
              </DFFormat>
              <Occurrence>
                <One />
              </Occurrence>
              <Scope>
                <Dynamic />
              </Scope>
              <DFType>
                <DDFName></DDFName>
              </DFType>
            </DFProperties>
            <Node>
              <NodeName></NodeName>
              <DFProperties>
                <AccessType>
                  <Get />
                  <Add />
                  <Delete />
                  <Replace />
                </AccessType>
                <Description>Manages the desired state XML docs for a client.</Description>
                <DFFormat>
                  <chr />
                </DFFormat>
                <Occurrence>
                  <ZeroOrMore />
                </Occurrence>
                <Scope>
                  <Dynamic />
                </Scope>
                <DFTitle>[doc id]</DFTitle>
                <DFType>
                  <MIME>text/plain</MIME>
                </DFType>
              </DFProperties>
            </Node>
          </Node>
          <Node>
            <NodeName>Result</NodeName>
            <DFProperties>
              <AccessType>
                <Get />
              </AccessType>
              <DFFormat>
                <node />
              </DFFormat>
              <Occurrence>
                <One />
              </Occurrence>
              <Scope>
                <Permanent />
              </Scope>
              <DFType>
                <DDFName></DDFName>
              </DFType>
            </DFProperties>
            <Node>
              <NodeName></NodeName>
              <DFProperties>
                <AccessType>
                  <Get />
                </AccessType>
                <Description>Returns the results of setting a XML documents The result will be expressed in an xml doc for extensibility.</Description>
                <DFFormat>
                  <chr />
                </DFFormat>
                <Occurrence>
                  <ZeroOrMore />
                </Occurrence>
                <Scope>
                  <Permanent />
                </Scope>
                <DFTitle>[doc id]</DFTitle>
                <DFType>
                  <MIME>text/plain</MIME>
                </DFType>
              </DFProperties>
            </Node>
          </Node>
        </Node>
      </Node>
</MgmtTree>
