﻿<?xml version="1.0" encoding="UTF-8"?>
<!DOCTYPE MgmtTree PUBLIC " -//OMA//DTD-DM-DDF 1.2//EN"
  "http://www.openmobilealliance.org/tech/DTD/DM_DDF-V1_2.dtd"
  [<?oma-dm-ddf-ver supported-versions="1.2"?>]>
<MgmtTree xmlns:MSFT="http://schemas.microsoft.com/MobileDevice/DM">
  <VerDTD>1.2</VerDTD>
      <Node>
        <NodeName>ApplicationControl</NodeName>
        <Path>./Vendor/MSFT</Path>
        <DFProperties>
          <AccessType>
            <Get />
          </AccessType>
          <Description>Root Node of the ApplicationControl CSP</Description>
          <DFFormat>
            <node />
          </DFFormat>
          <Occurrence>
            <One />
          </Occurrence>
          <Scope>
            <Permanent />
          </Scope>
          <DFType>
            <DDFName></DDFName>
          </DFType>
        </DFProperties>
        <Node>
          <NodeName>Policies</NodeName>
          <DFProperties>
            <AccessType>
              <Get />
            </AccessType>
            <Description>Beginning of a Subtree that contains all policies.</Description>
            <DFFormat>
              <node />
            </DFFormat>
            <Occurrence>
              <One />
            </Occurrence>
            <Scope>
              <Permanent />
            </Scope>
            <DFTitle>Policies</DFTitle>
            <DFType>
              <DDFName></DDFName>
            </DFType>
          </DFProperties>
          <Node>
            <NodeName></NodeName>
            <DFProperties>
              <AccessType>
                <Get />
              </AccessType>
              <Description>The GUID of the Policy</Description>
              <DFFormat>
                <node />
              </DFFormat>
              <Occurrence>
                <ZeroOrMore />
              </Occurrence>
              <Scope>
                <Dynamic />
              </Scope>
              <DFTitle>Policy GUID</DFTitle>
              <DFType>
                <DDFName></DDFName>
              </DFType>
            </DFProperties>
            <Node>
              <NodeName>Policy</NodeName>
              <DFProperties>
                <AccessType>
                  <Get />
                  <Add />
                  <Delete />
                  <Replace />
                </AccessType>
                <Description>The policy binary encoded as base64</Description>
                <DFFormat>
                  <b64 />
                </DFFormat>
                <Occurrence>
                  <One />
                </Occurrence>
                <Scope>
                  <Dynamic />
                </Scope>
                <DFTitle>Policy</DFTitle>
                <DFType>
                  <DDFName></DDFName>
                </DFType>
              </DFProperties>
            </Node>
            <Node>
              <NodeName>PolicyInfo</NodeName>
              <DFProperties>
                <AccessType>
                  <Get />
                </AccessType>
                <Description>Information Describing the Policy indicated by the GUID</Description>
                <DFFormat>
                  <node />
                </DFFormat>
                <Occurrence>
                  <One />
                </Occurrence>
                <Scope>
                  <Dynamic />
                </Scope>
                <DFTitle>PolicyInfo</DFTitle>
                <DFType>
                  <DDFName></DDFName>
                </DFType>
              </DFProperties>
              <Node>
                <NodeName>Version</NodeName>
                <DFProperties>
                  <AccessType>
                    <Get />
                  </AccessType>
                  <Description>Version of the Policy indicated by the GUID, as a string. When parsing use a uint64 as the containing data type</Description>
                  <DFFormat>
                    <chr />
                  </DFFormat>
                  <Occurrence>
                    <One />
                  </Occurrence>
                  <Scope>
                    <Dynamic />
                  </Scope>
                  <DFTitle>Version</DFTitle>
                  <DFType>
                    <MIME>text/plain</MIME>
                  </DFType>
                </DFProperties>
              </Node>
              <Node>
                <NodeName>IsEffective</NodeName>
                <DFProperties>
                  <AccessType>
                    <Get />
                  </AccessType>
                  <Description>Whether the Policy indicated by the GUID is Effective on the system (loaded by the enforcement engine and in effect)</Description>
                  <DFFormat>
                    <bool />
                  </DFFormat>
                  <Occurrence>
                    <One />
                  </Occurrence>
                  <Scope>
                    <Dynamic />
                  </Scope>
                  <DFTitle>IsEffective</DFTitle>
                  <DFType>
                    <MIME>text/plain</MIME>
                  </DFType>
                </DFProperties>
              </Node>
              <Node>
                <NodeName>IsDeployed</NodeName>
                <DFProperties>
                  <AccessType>
                    <Get />
                  </AccessType>
                  <Description>Whether the Policy indicated by the GUID is deployed on the system (on the physical machine)</Description>
                  <DFFormat>
                    <bool />
                  </DFFormat>
                  <Occurrence>
                    <One />
                  </Occurrence>
                  <Scope>
                    <Dynamic />
                  </Scope>
                  <DFTitle>IsDeployed</DFTitle>
                  <DFType>
                    <MIME>text/plain</MIME>
                  </DFType>
                </DFProperties>
              </Node>
              <Node>
                <NodeName>IsAuthorized</NodeName>
                <DFProperties>
                  <AccessType>
                    <Get />
                  </AccessType>
                  <Description>Whether the Policy indicated by the GUID is authorized to be loaded by the enforcement engine on the system </Description>
                  <DFFormat>
                    <bool />
                  </DFFormat>
                  <Occurrence>
                    <One />
                  </Occurrence>
                  <Scope>
                    <Dynamic />
                  </Scope>
                  <DFTitle>IsAuthorized</DFTitle>
                  <DFType>
                    <MIME>text/plain</MIME>
                  </DFType>
                </DFProperties>
              </Node>
              <Node>
                <NodeName>Status</NodeName>
                <DFProperties>
                  <AccessType>
                    <Get />
                  </AccessType>
                  <Description>The Current Status of the Policy Indicated by the Policy GUID</Description>
                  <DFFormat>
                    <int />
                  </DFFormat>
                  <Occurrence>
                    <One />
                  </Occurrence>
                  <Scope>
                    <Dynamic />
                  </Scope>
                  <DFTitle>Status</DFTitle>
                  <DFType>
                    <MIME>text/plain</MIME>
                  </DFType>
                </DFProperties>
              </Node>
              <Node>
                <NodeName>FriendlyName</NodeName>
                <DFProperties>
                  <AccessType>
                    <Get />
                  </AccessType>
                  <Description>The FriendlyName of the Policy Indicated by the Policy GUID</Description>
                  <DFFormat>
                    <chr />
                  </DFFormat>
                  <Occurrence>
                    <One />
                  </Occurrence>
                  <Scope>
                    <Dynamic />
                  </Scope>
                  <DFTitle>FriendlyName</DFTitle>
                  <DFType>
                    <MIME>text/plain</MIME>
                  </DFType>
                </DFProperties>
              </Node>
            </Node>
            <Node>
              <NodeName>Token</NodeName>
              <DFProperties>
                <AccessType>
                  <Get />
                </AccessType>
                <Description>Token that authorizes the Policy indicated by the GUID</Description>
                <DFFormat>
                  <node />
                </DFFormat>
                <Occurrence>
                  <One />
                </Occurrence>
                <Scope>
                  <Dynamic />
                </Scope>
                <DFTitle>Token</DFTitle>
                <DFType>
                  <DDFName></DDFName>
                </DFType>
              </DFProperties>
              <Node>
                <NodeName></NodeName>
                <DFProperties>
                  <AccessType>
                    <Get />
                  </AccessType>
                  <Description>The corresponding ID of the token in ./User/Vendor/MSFT/ApplicationControl/Tokens/</Description>
                  <DFFormat>
                    <chr />
                  </DFFormat>
                  <Occurrence>
                    <OneOrMore />
                  </Occurrence>
                  <Scope>
                    <Dynamic />
                  </Scope>
                  <DFTitle>TokenID</DFTitle>
                  <DFType>
                    <MIME>text/plain</MIME>
                  </DFType>
                </DFProperties>
              </Node>
            </Node>
          </Node>
        </Node>
        <Node>
          <NodeName>Tokens</NodeName>
          <DFProperties>
            <AccessType>
              <Get />
            </AccessType>
            <Description>Beginning of a Subtree that contains all tokens</Description>
            <DFFormat>
              <node />
            </DFFormat>
            <Occurrence>
              <One />
            </Occurrence>
            <Scope>
              <Permanent />
            </Scope>
            <DFTitle>Tokens</DFTitle>
            <DFType>
              <DDFName></DDFName>
            </DFType>
          </DFProperties>
          <Node>
            <NodeName></NodeName>
            <DFProperties>
              <AccessType>
                <Get />
              </AccessType>
              <Description>Arbitrary ID used to differentiate tokens</Description>
              <DFFormat>
                <node />
              </DFFormat>
              <Occurrence>
                <ZeroOrMore />
              </Occurrence>
              <Scope>
                <Dynamic />
              </Scope>
              <DFTitle>ID</DFTitle>
              <DFType>
                <DDFName></DDFName>
              </DFType>
            </DFProperties>
            <Node>
              <NodeName>Token</NodeName>
              <DFProperties>
                <AccessType>
                  <Get />
                  <Add />
                  <Delete />
                </AccessType>
                <Description>The token binary format encoded as base64</Description>
                <DFFormat>
                  <b64 />
                </DFFormat>
                <Occurrence>
                  <One />
                </Occurrence>
                <Scope>
                  <Dynamic />
                </Scope>
                <DFTitle>Token</DFTitle>
                <DFType>
                  <DDFName></DDFName>
                </DFType>
              </DFProperties>
            </Node>
            <Node>
              <NodeName>TokenInfo</NodeName>
              <DFProperties>
                <AccessType>
                  <Get />
                </AccessType>
                <Description>Information Describing the Token indicated by the corresponding ID.</Description>
                <DFFormat>
                  <node />
                </DFFormat>
                <Occurrence>
                  <One />
                </Occurrence>
                <Scope>
                  <Dynamic />
                </Scope>
                <DFTitle>TokenInfo</DFTitle>
                <DFType>
                  <DDFName></DDFName>
                </DFType>
              </DFProperties>
              <Node>
                <NodeName>Status</NodeName>
                <DFProperties>
                  <AccessType>
                    <Get />
                  </AccessType>
                  <Description>The Current Status of the Token Indicated by the Token ID</Description>
                  <DFFormat>
                    <int />
                  </DFFormat>
                  <Occurrence>
                    <One />
                  </Occurrence>
                  <Scope>
                    <Dynamic />
                  </Scope>
                  <DFTitle>Status</DFTitle>
                  <DFType>
                    <MIME>text/plain</MIME>
                  </DFType>
                </DFProperties>
              </Node>
            </Node>
            <Node>
              <NodeName>PolicyIDs</NodeName>
              <DFProperties>
                <AccessType>
                  <Get />
                </AccessType>
                <Description>The PolicyIDs authorized by this token</Description>
                <DFFormat>
                  <node />
                </DFFormat>
                <Occurrence>
                  <One />
                </Occurrence>
                <Scope>
                  <Dynamic />
                </Scope>
                <DFTitle>PolicyIDs</DFTitle>
                <DFType>
                  <DDFName></DDFName>
                </DFType>
              </DFProperties>
              <Node>
                <NodeName></NodeName>
                <DFProperties>
                  <AccessType>
                    <Get />
                  </AccessType>
                  <Description>A policy ID authorized by this token</Description>
                  <DFFormat>
                    <chr />
                  </DFFormat>
                  <Occurrence>
                    <OneOrMore />
                  </Occurrence>
                  <Scope>
                    <Dynamic />
                  </Scope>
                  <DFTitle>Policy GUID</DFTitle>
                  <DFType>
                    <MIME>text/plain</MIME>
                  </DFType>
                </DFProperties>
              </Node>
            </Node>
          </Node>
        </Node>
        <Node>
          <NodeName>TenantID</NodeName>
          <DFProperties>
            <AccessType>
              <Get />
            </AccessType>
            <Description>The tenant ID corresponding to this enrollment instance</Description>
            <DFFormat>
              <chr />
            </DFFormat>
            <Occurrence>
              <One />
            </Occurrence>
            <Scope>
              <Permanent />
            </Scope>
            <DFTitle>TenantID</DFTitle>
            <DFType>
              <MIME>text/plain</MIME>
            </DFType>
          </DFProperties>
        </Node>
        <Node>
          <NodeName>DeviceID</NodeName>
          <DFProperties>
            <AccessType>
              <Get />
            </AccessType>
            <Description>The UEFI SMode Unlock ID for this machine.</Description>
            <DFFormat>
              <chr />
            </DFFormat>
            <Occurrence>
              <One />
            </Occurrence>
            <Scope>
              <Permanent />
            </Scope>
            <DFTitle>DeviceID</DFTitle>
            <DFType>
              <MIME>text/plain</MIME>
            </DFType>
          </DFProperties>
        </Node>
      </Node>
</MgmtTree>
