﻿<?xml version="1.0" encoding="UTF-8"?>
<!DOCTYPE MgmtTree PUBLIC " -//OMA//DTD-DM-DDF 1.2//EN"
  "http://www.openmobilealliance.org/tech/DTD/DM_DDF-V1_2.dtd"
  [<?oma-dm-ddf-ver supported-versions="1.2"?>]>
<MgmtTree xmlns:MSFT="http://schemas.microsoft.com/MobileDevice/DM">
  <VerDTD>1.2</VerDTD>
      <Node>
        <NodeName>OptionalFeatures</NodeName>
        <Path>./Device/Vendor/MSFT</Path>
        <DFProperties>
          <AccessType>
            <Get />
          </AccessType>
          <Description>Node for OptionalFeatures. Optional Features include both Optional Components and FODs</Description>
          <DFFormat>
            <node />
          </DFFormat>
          <Occurrence>
            <One />
          </Occurrence>
          <Scope>
            <Permanent />
          </Scope>
          <DFType>
            <DDFName></DDFName>
          </DFType>
        </DFProperties>
        <Node>
          <NodeName>Enable</NodeName>
          <DFProperties>
            <AccessType>
              <Get />
            </AccessType>
            <Description>Node for enabling of Optional Features</Description>
            <DFFormat>
              <node />
            </DFFormat>
            <Occurrence>
              <One />
            </Occurrence>
            <Scope>
              <Permanent />
            </Scope>
            <DFType>
              <DDFName></DDFName>
            </DFType>
          </DFProperties>
          <Node>
            <NodeName></NodeName>
            <DFProperties>
              <AccessType>
                <Get />
                <Add />
                <Delete />
                <Replace />
              </AccessType>
              <Description>UniqueID to represent the name of the optional feature being enabled. The name of the feature/FOD that is being enabled.  For FOD, the name will be like Browser.InternetExplorer~~~~0.0.11.0   . The list of FODs are here https://docs.microsoft.com/en-us/windows-hardware/manufacture/desktop/features-on-demand-non-language-fod. Feature name looks like TFTP. </Description>
              <DFFormat>
                <node />
              </DFFormat>
              <Occurrence>
                <ZeroOrMore />
              </Occurrence>
              <Scope>
                <Dynamic />
              </Scope>
              <DFTitle>FeatureName</DFTitle>
              <DFType>
                <DDFName></DDFName>
              </DFType>
            </DFProperties>
            <Node>
              <NodeName>Enable</NodeName>
              <DFProperties>
                <AccessType>
                  <Get />
                  <Exec />
                </AccessType>
                <Description>Trigger the device to start enabling the feature The device will not notify MDM server after enabling the feature successfully. </Description>
                <DFFormat>
                  <chr />
                </DFFormat>
                <Occurrence>
                  <One />
                </Occurrence>
                <Scope>
                  <Dynamic />
                </Scope>
                <DFType>
                  <MIME>text/plain</MIME>
                </DFType>
              </DFProperties>
            </Node>
            <Node>
              <NodeName>LimitWUAccess</NodeName>
              <DFProperties>
                <AccessType>
                  <Get />
                  <Add />
                  <Delete />
                  <Replace />
                </AccessType>
                <Description>Controls whether WU can be contacted or not to download the payload. If set to true, the payload will be searched from GroupPolicy setting. If set to false, the payload will be searched from the source specified in GroupPolicy, and then WU will be contacted.  Supported operations are Get, Add, Delete, and Replace.</Description>
                <DFFormat>
                  <bool />
                </DFFormat>
                <Occurrence>
                  <One />
                </Occurrence>
                <Scope>
                  <Dynamic />
                </Scope>
                <DFType>
                  <MIME>text/plain</MIME>
                </DFType>
              </DFProperties>
            </Node>
            <Node>
              <NodeName>EnableParentFeatures</NodeName>
              <DFProperties>
                <AccessType>
                  <Get />
                  <Add />
                  <Delete />
                  <Replace />
                </AccessType>
                <Description>true - enable all parent features; false - just enable this feature. Supported operations are Get, Add, Delete, and Replace.</Description>
                <DFFormat>
                  <bool />
                </DFFormat>
                <Occurrence>
                  <One />
                </Occurrence>
                <Scope>
                  <Dynamic />
                </Scope>
                <DFType>
                  <MIME>text/plain</MIME>
                </DFType>
              </DFProperties>
            </Node>
            <Node>
              <NodeName>Status</NodeName>
              <DFProperties>
                <AccessType>
                  <Get />
                </AccessType>
                <Description>Valid values are:1 – finished successfully;2 – pending ;16 - action failed. The only supported operation is Get.</Description>
                <DFFormat>
                  <int />
                </DFFormat>
                <Occurrence>
                  <One />
                </Occurrence>
                <Scope>
                  <Dynamic />
                </Scope>
                <DFType>
                  <MIME>text/plain</MIME>
                </DFType>
              </DFProperties>
            </Node>
            <Node>
              <NodeName>ErrorCode</NodeName>
              <DFProperties>
                <AccessType>
                  <Get />
                </AccessType>
                <Description>The integer value that indicates the HRESULT of the enable operation. The only supported operation is Get.</Description>
                <DFFormat>
                  <int />
                </DFFormat>
                <Occurrence>
                  <One />
                </Occurrence>
                <Scope>
                  <Dynamic />
                </Scope>
                <DFType>
                  <MIME>text/plain</MIME>
                </DFType>
              </DFProperties>
            </Node>
          </Node>
        </Node>
        <Node>
          <NodeName>Disable</NodeName>
          <DFProperties>
            <AccessType>
              <Get />
            </AccessType>
            <DFFormat>
              <node />
            </DFFormat>
            <Occurrence>
              <One />
            </Occurrence>
            <Scope>
              <Permanent />
            </Scope>
            <DFType>
              <DDFName></DDFName>
            </DFType>
          </DFProperties>
          <Node>
            <NodeName></NodeName>
            <DFProperties>
              <AccessType>
                <Get />
                <Add />
                <Delete />
                <Replace />
              </AccessType>
              <Description>UniqueID to represent the name of the optional feature being disabled. The name of the feature/FOD that is being disabled.  For FOD, the name will be like Browser.InternetExplorer~~~~0.0.11.0   . The list of FODs are here https://docs.microsoft.com/en-us/windows-hardware/manufacture/desktop/features-on-demand-non-language-fod. Feature name looks like TFTP. </Description>
              <DFFormat>
                <node />
              </DFFormat>
              <Occurrence>
                <ZeroOrMore />
              </Occurrence>
              <Scope>
                <Dynamic />
              </Scope>
              <DFTitle>FeatureName</DFTitle>
              <DFType>
                <DDFName></DDFName>
              </DFType>
            </DFProperties>
            <Node>
              <NodeName>Disable</NodeName>
              <DFProperties>
                <AccessType>
                  <Get />
                  <Exec />
                </AccessType>
                <Description>Executes the disable feature functionality asynchronously, and then sets the status node with success or failure.</Description>
                <DFFormat>
                  <chr />
                </DFFormat>
                <Occurrence>
                  <One />
                </Occurrence>
                <Scope>
                  <Dynamic />
                </Scope>
                <DFType>
                  <MIME>text/plain</MIME>
                </DFType>
              </DFProperties>
            </Node>
            <Node>
              <NodeName>Status</NodeName>
              <DFProperties>
                <AccessType>
                  <Get />
                </AccessType>
                <Description>Valid values are:1 – finished successfully;2 – pending ;16 - action failed. The only supported operation is Get.</Description>
                <DFFormat>
                  <int />
                </DFFormat>
                <Occurrence>
                  <One />
                </Occurrence>
                <Scope>
                  <Dynamic />
                </Scope>
                <DFType>
                  <MIME>text/plain</MIME>
                </DFType>
              </DFProperties>
            </Node>
            <Node>
              <NodeName>ErrorCode</NodeName>
              <DFProperties>
                <AccessType>
                  <Get />
                </AccessType>
                <Description>The integer value that indicates the HRESULT of the disable operation. The only supported operation is Get.</Description>
                <DFFormat>
                  <int />
                </DFFormat>
                <Occurrence>
                  <One />
                </Occurrence>
                <Scope>
                  <Dynamic />
                </Scope>
                <DFType>
                  <MIME>text/plain</MIME>
                </DFType>
              </DFProperties>
            </Node>
          </Node>
        </Node>
        <Node>
          <NodeName>Inventory</NodeName>
          <DFProperties>
            <AccessType>
              <Get />
            </AccessType>
            <DFFormat>
              <node />
            </DFFormat>
            <Occurrence>
              <One />
            </Occurrence>
            <Scope>
              <Permanent />
            </Scope>
            <DFType>
              <DDFName></DDFName>
            </DFType>
          </DFProperties>
          <Node>
            <NodeName>OnlyEnabledList</NodeName>
            <DFProperties>
              <AccessType>
                <Get />
                <Replace />
              </AccessType>
              <Description>1 - Get only the enabled features/FODs; 0 - Get all the enabled features/FODs. Supported operations are Get and Replace.</Description>
              <DFFormat>
                <bool />
              </DFFormat>
              <Occurrence>
                <One />
              </Occurrence>
              <Scope>
                <Permanent />
              </Scope>
              <DFType>
                <MIME>text/plain</MIME>
              </DFType>
            </DFProperties>
          </Node>
          <Node>
            <NodeName>GetList</NodeName>
            <DFProperties>
              <AccessType>
                <Get />
                <Exec />
              </AccessType>
              <Description>Gets the list of Features and FODs on the device</Description>
              <DFFormat>
                <chr />
              </DFFormat>
              <Occurrence>
                <One />
              </Occurrence>
              <Scope>
                <Permanent />
              </Scope>
              <DFType>
                <MIME>text/plain</MIME>
              </DFType>
            </DFProperties>
          </Node>
          <Node>
            <NodeName>Status</NodeName>
            <DFProperties>
              <AccessType>
                <Get />
              </AccessType>
              <Description>Valid values are:1 – finished successfully;2 – pending ;16 - action failed. The only supported operation is Get.</Description>
              <DFFormat>
                <int />
              </DFFormat>
              <Occurrence>
                <One />
              </Occurrence>
              <Scope>
                <Permanent />
              </Scope>
              <DFType>
                <MIME>text/plain</MIME>
              </DFType>
            </DFProperties>
          </Node>
          <Node>
            <NodeName>ErrorCode</NodeName>
            <DFProperties>
              <AccessType>
                <Get />
              </AccessType>
              <Description>The integer value that indicates the HRESULT of the disable operation. The only supported operation is Get.</Description>
              <DFFormat>
                <int />
              </DFFormat>
              <Occurrence>
                <One />
              </Occurrence>
              <Scope>
                <Permanent />
              </Scope>
              <DFType>
                <MIME>text/plain</MIME>
              </DFType>
            </DFProperties>
          </Node>
          <Node>
            <NodeName>FeatureList</NodeName>
            <DFProperties>
              <AccessType>
                <Get />
              </AccessType>
              <DFFormat>
                <chr />
              </DFFormat>
              <Occurrence>
                <One />
              </Occurrence>
              <Scope>
                <Permanent />
              </Scope>
              <DFType>
                <MIME>text/plain</MIME>
              </DFType>
            </DFProperties>
          </Node>
        </Node>
      </Node>
</MgmtTree>
