﻿<?xml version="1.0" encoding="UTF-8"?>
<!DOCTYPE MgmtTree PUBLIC " -//OMA//DTD-DM-DDF 1.2//EN"
  "http://www.openmobilealliance.org/tech/DTD/DM_DDF-V1_2.dtd"
  [<?oma-dm-ddf-ver supported-versions="1.2"?>]>
<MgmtTree xmlns:MSFT="http://schemas.microsoft.com/MobileDevice/DM">
  <VerDTD>1.2</VerDTD>
      <Node>
        <NodeName>WindowsAdvancedThreatProtection</NodeName>
        <Path>./Device/Vendor/MSFT</Path>
        <DFProperties>
          <AccessType>
            <Get />
          </AccessType>
          <Description>Windows Defender Advanced Threat Protection</Description>
          <DFFormat>
            <node />
          </DFFormat>
          <Occurrence>
            <One />
          </Occurrence>
          <Scope>
            <Permanent />
          </Scope>
          <DFType>
            <MIME>com.microsoft/1.2/MDM/WindowsAdvancedThreatProtection</MIME>
          </DFType>
        </DFProperties>
        <Node>
          <NodeName>Onboarding</NodeName>
          <DFProperties>
            <AccessType>
              <Replace />
              <Get />
            </AccessType>
            <Description>Set Windows Defender Advanced Threat Protection Onboarding blob and initiate onboarding to Windows Defender Advanced Threat Protection</Description>
            <DFFormat>
              <chr />
            </DFFormat>
            <Occurrence>
              <One />
            </Occurrence>
            <Scope>
              <Permanent />
            </Scope>
            <DFType>
              <MIME>text/plain</MIME>
            </DFType>
          </DFProperties>
        </Node>
        <Node>
          <NodeName>HealthState</NodeName>
          <DFProperties>
            <AccessType>
              <Get />
            </AccessType>
            <Description>Represents Windows Defender Advanced Threat Protection Health State</Description>
            <DFFormat>
              <node />
            </DFFormat>
            <Occurrence>
              <One />
            </Occurrence>
            <Scope>
              <Permanent />
            </Scope>
            <DFType>
              <DDFName></DDFName>
            </DFType>
          </DFProperties>
          <Node>
            <NodeName>LastConnected</NodeName>
            <DFProperties>
              <AccessType>
                <Get />
              </AccessType>
              <Description>The last successful connection.</Description>
              <DFFormat>
                <time />
              </DFFormat>
              <Occurrence>
                <One />
              </Occurrence>
              <Scope>
                <Permanent />
              </Scope>
              <DFType>
                <MIME>text/plain</MIME>
              </DFType>
            </DFProperties>
          </Node>
          <Node>
            <NodeName>SenseIsRunning</NodeName>
            <DFProperties>
              <AccessType>
                <Get />
              </AccessType>
              <DefaultValue>false</DefaultValue>
              <Description>Return Windows Defender Advanced Threat Protection service running state</Description>
              <DFFormat>
                <bool />
              </DFFormat>
              <Occurrence>
                <One />
              </Occurrence>
              <Scope>
                <Permanent />
              </Scope>
              <DFType>
                <MIME>text/plain</MIME>
              </DFType>
            </DFProperties>
          </Node>
          <Node>
            <NodeName>OnboardingState</NodeName>
            <DFProperties>
              <AccessType>
                <Get />
              </AccessType>
              <DefaultValue>0</DefaultValue>
              <Description>Return Windows Defender Advanced Threat Protection onboarding state: 0 – not onboarded; 1 - onboarded</Description>
              <DFFormat>
                <int />
              </DFFormat>
              <Occurrence>
                <One />
              </Occurrence>
              <Scope>
                <Permanent />
              </Scope>
              <DFType>
                <MIME>text/plain</MIME>
              </DFType>
            </DFProperties>
          </Node>
          <Node>
            <NodeName>OrgId</NodeName>
            <DFProperties>
              <AccessType>
                <Get />
              </AccessType>
              <Description>Onboarded Org ID.</Description>
              <DFFormat>
                <chr />
              </DFFormat>
              <Occurrence>
                <One />
              </Occurrence>
              <Scope>
                <Permanent />
              </Scope>
              <DFType>
                <MIME>text/plain</MIME>
              </DFType>
            </DFProperties>
          </Node>
        </Node>
        <Node>
          <NodeName>Configuration</NodeName>
          <DFProperties>
            <AccessType>
              <Get />
            </AccessType>
            <Description>Represents Windows Defender Advanced Threat Protection Configuration</Description>
            <DFFormat>
              <node />
            </DFFormat>
            <Occurrence>
              <One />
            </Occurrence>
            <Scope>
              <Permanent />
            </Scope>
            <DFType>
              <DDFName></DDFName>
            </DFType>
          </DFProperties>
          <Node>
            <NodeName>SampleSharing</NodeName>
            <DFProperties>
              <AccessType>
                <Get />
                <Replace />
              </AccessType>
              <DefaultValue>1</DefaultValue>
              <Description>Return or set Windows Defender Advanced Threat Protection Sample Sharing configuration parameter: 0 - none, 1 - All</Description>
              <DFFormat>
                <int />
              </DFFormat>
              <Occurrence>
                <One />
              </Occurrence>
              <Scope>
                <Permanent />
              </Scope>
              <DFType>
                <MIME>text/plain</MIME>
              </DFType>
            </DFProperties>
          </Node>
          <Node>
            <NodeName>TelemetryReportingFrequency</NodeName>
            <DFProperties>
              <AccessType>
                <Get />
                <Replace />
              </AccessType>
              <DefaultValue>1</DefaultValue>
              <Description>Return or set Windows Defender Advanced Threat Protection telemetry reporting frequency. Allowed values are: 1 - Normal, 2 - Expedite</Description>
              <DFFormat>
                <int />
              </DFFormat>
              <Occurrence>
                <One />
              </Occurrence>
              <Scope>
                <Permanent />
              </Scope>
              <DFTitle>Telemetry reporting frequency</DFTitle>
              <DFType>
                <MIME>text/plain</MIME>
              </DFType>
            </DFProperties>
          </Node>
          <Node>
            <NodeName>GroupIds</NodeName>
            <DFProperties>
              <AccessType>
                <Get />
                <Replace />
              </AccessType>
              <Description>Set of Strings used by customer to mark subset of machines for WDATP targeting</Description>
              <DFFormat>
                <chr />
              </DFFormat>
              <Occurrence>
                <One />
              </Occurrence>
              <Scope>
                <Permanent />
              </Scope>
              <DFTitle>Group identifiers</DFTitle>
              <DFType>
                <MIME>text/plain</MIME>
              </DFType>
            </DFProperties>
          </Node>
        </Node>
        <Node>
          <NodeName>Offboarding</NodeName>
          <DFProperties>
            <AccessType>
              <Replace />
              <Get />
            </AccessType>
            <Description>Set Windows Defender Advanced Threat Protection Offboarding blob and initiate offboarding</Description>
            <DFFormat>
              <chr />
            </DFFormat>
            <Occurrence>
              <One />
            </Occurrence>
            <Scope>
              <Permanent />
            </Scope>
            <DFType>
              <MIME>text/plain</MIME>
            </DFType>
          </DFProperties>
        </Node>
        <Node>
          <NodeName>DeviceTagging</NodeName>
          <DFProperties>
            <AccessType>
              <Get />
            </AccessType>
            <Description>Represents Windows Defender Advanced Threat Protection configuration for managing role base access and device tagging</Description>
            <DFFormat>
              <node />
            </DFFormat>
            <Occurrence>
              <One />
            </Occurrence>
            <Scope>
              <Permanent />
            </Scope>
            <DFTitle>Device Tagging</DFTitle>
            <DFType>
              <DDFName></DDFName>
            </DFType>
          </DFProperties>
          <Node>
            <NodeName>Group</NodeName>
            <DFProperties>
              <AccessType>
                <Get />
                <Replace />
              </AccessType>
              <Description>Device group identifiers</Description>
              <DFFormat>
                <chr />
              </DFFormat>
              <Occurrence>
                <One />
              </Occurrence>
              <Scope>
                <Permanent />
              </Scope>
              <DFTitle>Device Group Identifier</DFTitle>
              <DFType>
                <MIME>text/plain</MIME>
              </DFType>
            </DFProperties>
          </Node>
          <Node>
            <NodeName>Criticality</NodeName>
            <DFProperties>
              <AccessType>
                <Get />
                <Replace />
              </AccessType>
              <DefaultValue>0</DefaultValue>
              <Description>Asset criticality value. 0 - Normal, 1 - Critical.</Description>
              <DFFormat>
                <int />
              </DFFormat>
              <Occurrence>
                <One />
              </Occurrence>
              <Scope>
                <Permanent />
              </Scope>
              <DFTitle>Device Criticality</DFTitle>
              <DFType>
                <MIME>text/plain</MIME>
              </DFType>
            </DFProperties>
          </Node>
          <Node>
            <NodeName>IdMethod</NodeName>
            <DFProperties>
              <AccessType>
                <Get />
                <Replace />
              </AccessType>
              <DefaultValue>0</DefaultValue>
              <Description>Device Identification Method. Allowed values: 0 - use only SENSEGuid, 1 -use FQDN</Description>
              <DFFormat>
                <int />
              </DFFormat>
              <Occurrence>
                <One />
              </Occurrence>
              <Scope>
                <Permanent />
              </Scope>
              <DFTitle>Device Identification Method</DFTitle>
              <DFType>
                <MIME>text/plain</MIME>
              </DFType>
            </DFProperties>
          </Node>
        </Node>
      </Node>
</MgmtTree>
